user_id,comment_text,timestamp
user_2692,Checking in for the day.,2025-12-18 07:27:00
user_6831,Lagging like crazy. Fix it!,2025-12-20 02:01:00
user_9090,Smooth as butter. Love it.,2025-12-17 07:08:00
user_7339,Truly life-changing app.,2025-12-22 04:16:00
user_7540,Worst app in the store.,2025-12-18 16:00:00
user_9587,"Not great, not bad.",2025-12-20 00:16:00
user_0858,Wait and see approach.,2025-12-16 18:11:00
user_9860,Seems functional enough.,2025-12-16 03:45:00
user_2303,Incredible performance improvement.,2025-12-15 16:41:00
user_0589,Neutral opinion on the new feature.,2025-12-17 09:46:00
user_4341,Total fail. Don't download.,2025-12-16 01:54:00
user_8690,Too many bugs in the latest version.,2025-12-17 06:39:00
user_8507,So happy with the results!,2025-12-16 22:00:00
user_6476,Excellent quality and design.,2025-12-15 14:15:00
user_3479,Lagging like crazy. Fix it!,2025-12-21 08:24:00
user_7296,Amazing experience today.,2025-12-16 03:17:00
user_4978,Observation: it works.,2025-12-18 07:39:00
user_9270,It keeps crashing all the time.,2025-12-16 06:51:00
user_9236,In the middle for me.,2025-12-19 06:24:00
user_9763,Extremely disappointed with this.,2025-12-19 09:02:00
user_1983,I love this product!,2025-12-17 22:23:00
user_7574,"Could be better, could be worse.",2025-12-16 22:57:00
user_1123,"Could be better, could be worse.",2025-12-16 18:42:00
user_1329,No strong feelings either way.,2025-12-21 10:37:00
user_9783,Haven't decided yet.,2025-12-18 22:46:00
user_7545,Completely broken and useless.,2025-12-15 12:02:00
user_2935,This is absolutely perfect.,2025-12-17 22:07:00
user_6512,Worst app in the store.,2025-12-16 12:44:00
user_7424,"Average performance, nothing special.",2025-12-15 22:59:00
user_8936,This is the worst experience ever.,2025-12-16 11:52:00
user_4554,Heartwarming to see this.,2025-12-18 03:08:00
user_2581,Frustrating experience overall.,2025-12-18 02:18:00
user_1051,Lagging like crazy. Fix it!,2025-12-21 11:54:00
user_0720,Neutral opinion on the new feature.,2025-12-18 05:59:00
user_5997,Extremely disappointed with this.,2025-12-17 06:24:00
user_4341,Poor design choices here.,2025-12-18 10:08:00
user_6497,This is absolutely perfect.,2025-12-17 14:08:00
user_1648,I hate the new layout.,2025-12-16 23:38:00
user_0278,Highly recommend this to everyone.,2025-12-20 23:55:00
user_7153,Too many bugs in the latest version.,2025-12-22 07:44:00
user_0840,Completely broken and useless.,2025-12-20 08:32:00
user_2445,Smooth as butter. Love it.,2025-12-21 05:32:00
user_4569,"Could be better, could be worse.",2025-12-21 18:17:00
user_4271,I want a refund immediately.,2025-12-19 10:51:00
user_4946,Great job on the new update.,2025-12-21 07:57:00
user_7436,Amazing experience today.,2025-12-21 05:56:00
user_6110,The UI is so clean and beautiful.,2025-12-18 00:32:00
user_8974,"Wow, just wow! Amazing.",2025-12-18 14:02:00
user_0302,"Not great, not bad.",2025-12-19 14:22:00
user_9129,Interested to see what's next.,2025-12-19 19:02:00
user_1282,Truly life-changing app.,2025-12-18 01:25:00
user_7900,"Wow, just wow! Amazing.",2025-12-21 12:08:00
user_7952,Missing essential features.,2025-12-17 12:34:00
user_6079,"Wow, just wow! Amazing.",2025-12-17 09:19:00
user_5627,Excellent quality and design.,2025-12-19 02:05:00
user_8973,Missing essential features.,2025-12-22 09:06:00
user_2757,Truly life-changing app.,2025-12-21 16:35:00
user_3764,Wait and see approach.,2025-12-18 14:44:00
user_8027,It does what it says it should do.,2025-12-19 08:05:00
user_2742,Fantastic community and support.,2025-12-18 21:23:00
user_5289,The best service I've ever had.,2025-12-15 21:48:00
user_2865,Fantastic community and support.,2025-12-21 21:47:00
user_9734,Just another social media post.,2025-12-20 22:51:00
user_9282,Waste of time and money.,2025-12-15 15:39:00
user_5165,Checking in for the day.,2025-12-19 15:01:00
user_5024,So confusing and hard to use.,2025-12-18 18:22:00
user_1063,I hate the new layout.,2025-12-21 21:12:00
user_8250,Truly life-changing app.,2025-12-19 09:57:00
user_6733,Haven't decided yet.,2025-12-19 16:42:00
user_4773,Just another social media post.,2025-12-18 10:44:00
user_6769,It does what it says it should do.,2025-12-20 18:24:00
user_9917,Completely broken and useless.,2025-12-18 13:45:00
user_5899,I hate the new layout.,2025-12-15 17:08:00
user_3669,Great job on the new update.,2025-12-18 16:02:00
user_1663,Beyond my expectations.,2025-12-21 09:02:00
user_9526,Fantastic community and support.,2025-12-22 04:52:00
user_4367,This is absolutely perfect.,2025-12-19 06:57:00
user_8480,Lagging like crazy. Fix it!,2025-12-21 04:10:00
user_3075,Smooth as butter. Love it.,2025-12-18 15:34:00
user_9922,Beyond my expectations.,2025-12-19 15:06:00
user_3612,"Wow, just wow! Amazing.",2025-12-22 10:40:00
user_3380,It's a balanced update.,2025-12-18 10:59:00
user_0425,Extremely disappointed with this.,2025-12-21 09:58:00
user_0245,Extremely disappointed with this.,2025-12-21 14:54:00
user_1525,Amazing experience today.,2025-12-22 07:17:00
user_4403,It keeps crashing all the time.,2025-12-18 06:08:00
user_1638,Highly recommend this to everyone.,2025-12-20 20:26:00
user_3686,Excellent quality and design.,2025-12-18 19:49:00
user_5514,The best service I've ever had.,2025-12-17 15:41:00
user_1154,Worst app in the store.,2025-12-18 14:36:00
user_2849,Fantastic community and support.,2025-12-17 05:05:00
user_2201,"Average performance, nothing special.",2025-12-22 00:17:00
user_2082,I hate the new layout.,2025-12-20 02:02:00
user_7243,Too many bugs in the latest version.,2025-12-21 13:34:00
user_7813,Frustrating experience overall.,2025-12-18 01:17:00
user_2781,Annoying popups everywhere.,2025-12-18 21:07:00
user_5416,I hate the new layout.,2025-12-19 16:52:00
user_8753,I hate the new layout.,2025-12-15 12:21:00
user_1764,The best service I've ever had.,2025-12-21 13:02:00
user_3507,Amazing experience today.,2025-12-19 05:24:00
user_7410,In the middle for me.,2025-12-18 00:22:00
user_1277,"Average performance, nothing special.",2025-12-16 23:38:00
user_5232,This is absolutely perfect.,2025-12-17 16:15:00
user_9160,Simply brilliant execution.,2025-12-20 06:15:00
user_2679,It does what it says it should do.,2025-12-19 02:13:00
user_4113,Great job on the new update.,2025-12-17 08:54:00
user_1977,Just another social media post.,2025-12-20 05:02:00
user_2394,Broken features after update.,2025-12-19 04:45:00
user_1405,Regular usage case.,2025-12-19 16:05:00
user_3166,Smooth as butter. Love it.,2025-12-21 00:04:00
user_3092,No strong feelings either way.,2025-12-20 15:17:00
user_6509,I hate the new layout.,2025-12-16 00:11:00
user_4018,Regular usage case.,2025-12-18 23:05:00
user_2584,Frustrating experience overall.,2025-12-20 18:21:00
user_6354,Interested to see what's next.,2025-12-18 01:08:00
user_1547,Haven't decided yet.,2025-12-16 01:12:00
user_9380,Total fail. Don't download.,2025-12-17 15:51:00
user_4346,Seems functional enough.,2025-12-18 03:39:00
user_5522,Very slow performance on mobile.,2025-12-22 05:02:00
user_7474,Frustrating experience overall.,2025-12-18 22:12:00
user_5641,Maintenance update noted.,2025-12-15 13:28:00
user_6722,Observation: it works.,2025-12-16 23:08:00
user_7485,I love this product!,2025-12-18 21:58:00
user_6465,Total fail. Don't download.,2025-12-18 09:45:00
user_2761,Terrible customer support.,2025-12-21 02:57:00
user_6206,No strong feelings either way.,2025-12-21 20:06:00
user_4764,Truly life-changing app.,2025-12-16 15:11:00
user_5848,Lagging like crazy. Fix it!,2025-12-15 18:10:00
user_7871,Kudos to the developers!,2025-12-16 23:58:00
user_5798,Seems functional enough.,2025-12-16 06:10:00
user_7333,This is the worst experience ever.,2025-12-16 16:02:00
user_3565,Frustrating experience overall.,2025-12-18 16:45:00
user_8191,Ugly interface and slow.,2025-12-20 14:07:00
user_2899,Super fast and reliable.,2025-12-19 23:07:00
user_5857,Completely broken and useless.,2025-12-22 08:20:00
user_6483,Completely broken and useless.,2025-12-21 13:09:00
user_1448,Neutral opinion on the new feature.,2025-12-22 07:21:00
user_9019,Worst app in the store.,2025-12-18 06:59:00
user_4991,Highly recommend this to everyone.,2025-12-21 20:30:00
user_0569,Looking forward to more details.,2025-12-17 00:39:00
user_9438,Beyond my expectations.,2025-12-17 01:21:00
user_7072,Waste of time and money.,2025-12-16 17:14:00
user_6886,No strong feelings either way.,2025-12-22 08:55:00
user_8968,Lagging like crazy. Fix it!,2025-12-18 01:59:00
user_7003,Smooth as butter. Love it.,2025-12-17 07:25:00
user_6635,"Wow, just wow! Amazing.",2025-12-17 22:22:00
user_0155,Extremely disappointed with this.,2025-12-21 21:11:00
user_6171,Broken features after update.,2025-12-17 23:52:00
user_6448,The UI is so clean and beautiful.,2025-12-21 03:22:00
user_6967,Kudos to the developers!,2025-12-22 05:53:00
user_4795,In the middle for me.,2025-12-21 17:10:00
user_5630,Ugly interface and slow.,2025-12-17 19:21:00
user_2172,Very slow performance on mobile.,2025-12-17 05:11:00
user_1972,Kudos to the developers!,2025-12-20 03:13:00
user_3040,Highly recommend this to everyone.,2025-12-20 15:19:00
user_2451,Highly recommend this to everyone.,2025-12-22 09:24:00
user_8176,Observation: it works.,2025-12-21 10:11:00
user_6750,Observation: it works.,2025-12-16 01:35:00
user_6451,Beyond my expectations.,2025-12-19 05:55:00
user_8490,The UI is so clean and beautiful.,2025-12-16 22:22:00
user_7393,Standard functionality.,2025-12-17 19:14:00
user_7671,The best service I've ever had.,2025-12-16 15:54:00
user_7242,Truly life-changing app.,2025-12-19 07:04:00
user_7861,"Could be better, could be worse.",2025-12-17 03:53:00
user_4690,Ugly interface and slow.,2025-12-22 03:09:00
user_9092,This is the worst experience ever.,2025-12-17 08:39:00
user_1124,Neutral opinion on the new feature.,2025-12-16 05:16:00
user_4802,Just another social media post.,2025-12-18 03:56:00
user_4018,"Average performance, nothing special.",2025-12-20 04:01:00
user_8524,Kudos to the developers!,2025-12-18 22:03:00
user_2638,"Average performance, nothing special.",2025-12-22 04:43:00
user_5822,Waste of time and money.,2025-12-20 12:24:00
user_1384,No strong feelings either way.,2025-12-20 18:07:00
user_8751,Simply brilliant execution.,2025-12-15 15:49:00
user_7484,Haven't decided yet.,2025-12-20 04:18:00
user_0350,It does what it says it should do.,2025-12-20 20:25:00
user_5120,The best service I've ever had.,2025-12-22 04:34:00
user_2706,I use this every day and love it.,2025-12-20 00:55:00
user_3881,Looking forward to more details.,2025-12-18 08:40:00
user_9076,Checking in for the day.,2025-12-20 14:31:00
user_9023,Maintenance update noted.,2025-12-18 14:28:00
user_0728,Incredible performance improvement.,2025-12-15 19:10:00
user_6363,Incredible performance improvement.,2025-12-22 07:55:00
user_6593,Poor design choices here.,2025-12-17 01:33:00
user_6201,Regular usage case.,2025-12-18 07:12:00
user_8017,Looking forward to more details.,2025-12-22 01:48:00
user_4917,Fantastic community and support.,2025-12-21 01:21:00
user_6610,Total fail. Don't download.,2025-12-21 21:22:00
user_9253,So happy with the results!,2025-12-22 01:26:00
user_7317,Interested to see what's next.,2025-12-16 10:51:00
user_2631,The UI is so clean and beautiful.,2025-12-17 16:46:00
user_9527,Very slow performance on mobile.,2025-12-18 04:09:00
user_0755,Fantastic community and support.,2025-12-16 01:42:00
user_0858,Kudos to the developers!,2025-12-20 14:00:00
user_4338,I love this product!,2025-12-16 08:33:00
user_9663,Amazing experience today.,2025-12-21 14:07:00
user_1655,Super fast and reliable.,2025-12-18 08:25:00
user_9238,I hate the new layout.,2025-12-17 01:06:00
user_1645,Great job on the new update.,2025-12-19 06:35:00
user_2695,Incredible performance improvement.,2025-12-19 02:03:00
user_9486,Truly life-changing app.,2025-12-21 12:19:00
user_8980,Haven't decided yet.,2025-12-18 18:05:00
user_1889,Regular usage case.,2025-12-19 05:41:00
user_2976,Regular usage case.,2025-12-22 05:19:00
user_7719,Simply brilliant execution.,2025-12-18 13:31:00
user_5791,Checking in for the day.,2025-12-16 17:14:00
user_1414,Missing essential features.,2025-12-15 16:48:00
user_1609,Smooth as butter. Love it.,2025-12-21 17:25:00
user_0778,Simply brilliant execution.,2025-12-19 01:10:00
user_7948,Simply brilliant execution.,2025-12-16 12:54:00
user_7188,Great job on the new update.,2025-12-20 12:56:00
user_7882,Amazing experience today.,2025-12-21 08:13:00
user_9289,Just another social media post.,2025-12-15 19:18:00
user_9337,Simply brilliant execution.,2025-12-18 22:10:00
user_2690,Annoying popups everywhere.,2025-12-18 14:50:00
user_1978,Terrible customer support.,2025-12-21 18:02:00
user_3750,Heartwarming to see this.,2025-12-21 17:02:00
user_1104,Neutral opinion on the new feature.,2025-12-20 13:56:00
user_6933,No strong feelings either way.,2025-12-16 05:04:00
user_6379,Ugly interface and slow.,2025-12-21 04:13:00
user_7452,Just another social media post.,2025-12-17 16:35:00
user_7883,Super fast and reliable.,2025-12-17 06:41:00
user_4260,Poor design choices here.,2025-12-19 19:42:00
user_6728,Standard functionality.,2025-12-21 12:14:00
user_7956,It's a balanced update.,2025-12-21 01:20:00
user_8575,Extremely disappointed with this.,2025-12-21 03:39:00
user_1922,Very slow performance on mobile.,2025-12-19 01:45:00
user_5017,Truly life-changing app.,2025-12-18 04:19:00
user_9656,The best service I've ever had.,2025-12-16 05:07:00
user_5115,Wait and see approach.,2025-12-16 00:35:00
user_1086,Too many bugs in the latest version.,2025-12-18 04:59:00
user_3734,Just another social media post.,2025-12-16 15:10:00
user_6348,Excellent quality and design.,2025-12-16 00:50:00
user_8364,No strong feelings either way.,2025-12-20 08:18:00
user_5722,Just another social media post.,2025-12-21 10:11:00
user_3209,Terrible customer support.,2025-12-20 09:05:00
user_9791,Annoying popups everywhere.,2025-12-17 05:27:00
user_6818,"The app is okay, I guess.",2025-12-19 04:55:00
user_2999,Very slow performance on mobile.,2025-12-17 07:05:00
user_8421,I want a refund immediately.,2025-12-18 20:19:00
user_9161,Wait and see approach.,2025-12-19 22:58:00
user_2217,Smooth as butter. Love it.,2025-12-18 06:19:00
user_6388,So confusing and hard to use.,2025-12-16 15:00:00
user_7806,Smooth as butter. Love it.,2025-12-19 12:08:00
user_5288,Kudos to the developers!,2025-12-15 23:30:00
user_6789,Standard functionality.,2025-12-18 02:55:00
user_9283,Excellent quality and design.,2025-12-21 18:12:00
user_5161,"Not great, not bad.",2025-12-18 04:38:00
user_4240,Annoying popups everywhere.,2025-12-18 02:57:00
user_7328,Beyond my expectations.,2025-12-15 20:19:00
user_7307,Just another social media post.,2025-12-19 22:36:00
user_3791,Haven't decided yet.,2025-12-17 11:50:00
user_5979,Total fail. Don't download.,2025-12-18 15:48:00
user_3429,Highly recommend this to everyone.,2025-12-21 01:18:00
user_7261,Wait and see approach.,2025-12-18 15:16:00
user_7498,"Could be better, could be worse.",2025-12-19 16:13:00
user_6693,No strong feelings either way.,2025-12-17 01:47:00
user_9794,Looking forward to more details.,2025-12-18 16:35:00
user_5868,Just another social media post.,2025-12-16 02:44:00
user_6563,Annoying popups everywhere.,2025-12-21 12:47:00
user_2262,Waste of time and money.,2025-12-20 06:06:00
user_1620,Great job on the new update.,2025-12-19 07:01:00
user_8809,Standard functionality.,2025-12-19 07:00:00
user_3645,Terrible customer support.,2025-12-21 19:06:00
user_7649,Missing essential features.,2025-12-18 03:13:00
user_3810,"Not great, not bad.",2025-12-15 18:51:00
user_1466,This is absolutely perfect.,2025-12-21 04:56:00
user_3026,Interested to see what's next.,2025-12-18 16:33:00
user_4372,I use this every day and love it.,2025-12-20 11:18:00
user_3328,I want a refund immediately.,2025-12-17 17:30:00
user_2036,Checking in for the day.,2025-12-18 18:45:00
user_1450,Just another social media post.,2025-12-19 14:12:00
user_2235,Super fast and reliable.,2025-12-18 03:54:00
user_8618,Kudos to the developers!,2025-12-21 02:12:00
user_8328,"Could be better, could be worse.",2025-12-21 04:02:00
user_6411,In the middle for me.,2025-12-17 22:34:00
user_9814,Ugly interface and slow.,2025-12-16 12:37:00
user_3673,Maintenance update noted.,2025-12-15 16:58:00
user_2109,"Could be better, could be worse.",2025-12-20 12:44:00
user_8085,Maintenance update noted.,2025-12-19 16:34:00
user_3557,Simply brilliant execution.,2025-12-18 05:36:00
user_0535,"The app is okay, I guess.",2025-12-20 18:47:00
user_5382,It keeps crashing all the time.,2025-12-15 17:05:00
user_7956,Too many bugs in the latest version.,2025-12-21 00:42:00
user_9184,Poor design choices here.,2025-12-21 09:25:00
user_1938,The best service I've ever had.,2025-12-16 00:05:00
user_8897,Poor design choices here.,2025-12-21 00:08:00
user_9332,Kudos to the developers!,2025-12-20 18:59:00
user_0823,Kudos to the developers!,2025-12-21 06:37:00
user_6769,Simply brilliant execution.,2025-12-18 10:00:00
user_5201,I use this every day and love it.,2025-12-21 19:08:00
user_0611,Frustrating experience overall.,2025-12-16 02:12:00
user_9039,It's a balanced update.,2025-12-21 04:59:00
user_0904,Great job on the new update.,2025-12-17 20:48:00
user_2299,I hate the new layout.,2025-12-20 11:10:00
user_7952,Standard functionality.,2025-12-21 05:39:00
user_1391,The best service I've ever had.,2025-12-21 17:21:00
user_4947,So confusing and hard to use.,2025-12-18 03:16:00
user_9928,"The app is okay, I guess.",2025-12-21 12:58:00
user_0106,Very slow performance on mobile.,2025-12-20 04:17:00
user_9379,Great job on the new update.,2025-12-20 00:16:00
user_0408,Missing essential features.,2025-12-16 15:13:00
user_1194,Super fast and reliable.,2025-12-17 12:23:00
user_1607,Wait and see approach.,2025-12-21 21:08:00
user_8202,Simply brilliant execution.,2025-12-21 23:44:00
user_4916,"Not great, not bad.",2025-12-20 16:53:00
user_0348,Waste of time and money.,2025-12-17 22:20:00
user_1642,"Not great, not bad.",2025-12-22 04:29:00
user_6989,"Not great, not bad.",2025-12-19 18:49:00
user_9526,Waste of time and money.,2025-12-15 17:25:00
user_2690,Highly recommend this to everyone.,2025-12-15 14:45:00
user_9125,Lagging like crazy. Fix it!,2025-12-19 08:11:00
user_9722,The UI is so clean and beautiful.,2025-12-20 11:51:00
user_6996,Kudos to the developers!,2025-12-22 00:22:00
user_4163,Neutral opinion on the new feature.,2025-12-18 10:52:00
user_2410,Wait and see approach.,2025-12-22 09:51:00
user_4761,Just another social media post.,2025-12-18 23:44:00
user_2870,Incredible performance improvement.,2025-12-18 18:54:00
user_0906,Amazing experience today.,2025-12-16 09:34:00
user_5168,Neutral opinion on the new feature.,2025-12-17 08:28:00
user_7009,I want a refund immediately.,2025-12-20 07:30:00
user_3485,Highly recommend this to everyone.,2025-12-22 06:18:00
user_2587,So happy with the results!,2025-12-19 07:10:00
user_0739,Excellent quality and design.,2025-12-18 17:59:00
user_9063,No strong feelings either way.,2025-12-21 14:32:00
user_2869,No strong feelings either way.,2025-12-17 04:59:00
user_6533,I want a refund immediately.,2025-12-22 04:37:00
user_8839,Poor design choices here.,2025-12-18 21:56:00
user_2955,Maintenance update noted.,2025-12-19 23:00:00
user_7996,Completely broken and useless.,2025-12-17 02:47:00
user_5392,Total fail. Don't download.,2025-12-20 13:26:00
user_0982,It does what it says it should do.,2025-12-20 04:09:00
user_6411,Seems functional enough.,2025-12-19 11:30:00
user_1549,Kudos to the developers!,2025-12-19 18:12:00
user_2185,This is absolutely perfect.,2025-12-20 09:40:00
user_0597,Interested to see what's next.,2025-12-19 17:45:00
user_6958,Extremely disappointed with this.,2025-12-17 09:37:00
user_7761,It keeps crashing all the time.,2025-12-17 17:33:00
user_0575,This is the worst experience ever.,2025-12-17 08:09:00
user_2180,Heartwarming to see this.,2025-12-19 04:30:00
user_8239,So confusing and hard to use.,2025-12-17 18:34:00
user_3796,Beyond my expectations.,2025-12-17 15:42:00
user_6112,Haven't decided yet.,2025-12-21 10:00:00
user_1933,Neutral opinion on the new feature.,2025-12-21 12:22:00
user_0963,Poor design choices here.,2025-12-22 08:38:00
user_3697,In the middle for me.,2025-12-19 23:35:00
user_8280,Kudos to the developers!,2025-12-17 20:16:00
user_9407,Maintenance update noted.,2025-12-19 19:06:00
user_4501,I want a refund immediately.,2025-12-16 16:27:00
user_6251,The best service I've ever had.,2025-12-17 04:19:00
user_8968,"The app is okay, I guess.",2025-12-19 17:37:00
user_6533,So happy with the results!,2025-12-18 15:06:00
user_1785,Missing essential features.,2025-12-20 23:28:00
user_1811,"Not great, not bad.",2025-12-20 19:31:00
user_8651,"Not great, not bad.",2025-12-16 05:53:00
user_1583,Looking forward to more details.,2025-12-22 00:12:00
user_7699,"Wow, just wow! Amazing.",2025-12-17 19:01:00
user_1705,Checking in for the day.,2025-12-20 09:28:00
user_8231,So happy with the results!,2025-12-17 15:13:00
user_1410,Worst app in the store.,2025-12-17 04:43:00
user_2221,Standard functionality.,2025-12-16 20:47:00
user_4183,This is the worst experience ever.,2025-12-22 00:59:00
user_9540,Very slow performance on mobile.,2025-12-18 00:46:00
user_4716,Simply brilliant execution.,2025-12-19 20:12:00
user_2844,It keeps crashing all the time.,2025-12-19 23:58:00
user_3231,I love this product!,2025-12-19 09:49:00
user_4036,Incredible performance improvement.,2025-12-20 14:18:00
user_8675,"The app is okay, I guess.",2025-12-20 14:11:00
user_2614,I love this product!,2025-12-17 20:28:00
user_3812,Frustrating experience overall.,2025-12-19 14:15:00
user_6825,Ugly interface and slow.,2025-12-16 14:28:00
user_6667,Worst app in the store.,2025-12-18 07:58:00
user_5922,The UI is so clean and beautiful.,2025-12-15 21:34:00
user_2914,Terrible customer support.,2025-12-16 15:48:00
user_7971,Extremely disappointed with this.,2025-12-22 02:02:00
user_6482,Kudos to the developers!,2025-12-22 10:32:00
user_1108,Fantastic community and support.,2025-12-19 06:55:00
user_3735,Interested to see what's next.,2025-12-19 20:15:00
user_8615,It's a balanced update.,2025-12-16 23:45:00
user_9770,I want a refund immediately.,2025-12-20 17:00:00
user_7453,In the middle for me.,2025-12-17 15:36:00
user_6658,Maintenance update noted.,2025-12-22 06:25:00
user_0770,Waste of time and money.,2025-12-22 01:12:00
user_3570,Amazing experience today.,2025-12-20 08:39:00
user_6925,So happy with the results!,2025-12-20 00:40:00
user_2907,Broken features after update.,2025-12-17 23:05:00
user_9817,Neutral opinion on the new feature.,2025-12-20 16:35:00
user_1448,The UI is so clean and beautiful.,2025-12-22 09:43:00
user_2197,Simply brilliant execution.,2025-12-17 06:21:00
user_1778,Amazing experience today.,2025-12-17 20:33:00
user_6404,Standard functionality.,2025-12-21 05:26:00
user_1483,Regular usage case.,2025-12-22 04:01:00
user_5428,Fantastic community and support.,2025-12-16 01:32:00
user_6204,Lagging like crazy. Fix it!,2025-12-17 01:03:00
user_1949,This is absolutely perfect.,2025-12-21 02:08:00
user_0798,The UI is so clean and beautiful.,2025-12-16 07:06:00
user_0367,I use this every day and love it.,2025-12-21 00:08:00
user_7838,So happy with the results!,2025-12-18 08:10:00
user_0296,Beyond my expectations.,2025-12-17 10:40:00
user_6493,"Average performance, nothing special.",2025-12-18 22:54:00
user_8350,The best service I've ever had.,2025-12-16 03:17:00
user_7172,This is the worst experience ever.,2025-12-19 14:06:00
user_5035,Broken features after update.,2025-12-22 01:40:00
user_3942,Waste of time and money.,2025-12-21 00:42:00
user_8559,Too many bugs in the latest version.,2025-12-15 14:43:00
user_3791,Extremely disappointed with this.,2025-12-22 05:23:00
user_2175,It keeps crashing all the time.,2025-12-15 18:10:00
user_5839,Terrible customer support.,2025-12-16 03:09:00
user_4367,"Could be better, could be worse.",2025-12-19 16:42:00
user_4458,Incredible performance improvement.,2025-12-20 12:20:00
user_0298,Ugly interface and slow.,2025-12-20 14:05:00
user_2904,Heartwarming to see this.,2025-12-19 02:09:00
user_4283,Seems functional enough.,2025-12-18 21:03:00
user_4987,Haven't decided yet.,2025-12-16 06:53:00
user_4187,Looking forward to more details.,2025-12-21 01:44:00
user_1099,Wait and see approach.,2025-12-17 02:11:00
user_9095,Great job on the new update.,2025-12-19 09:01:00
user_9319,Maintenance update noted.,2025-12-20 10:08:00
user_6511,Standard functionality.,2025-12-19 02:24:00
user_3993,Terrible customer support.,2025-12-18 15:23:00
user_8338,The best service I've ever had.,2025-12-18 20:38:00
user_9279,Excellent quality and design.,2025-12-17 03:18:00
user_2794,Looking forward to more details.,2025-12-19 08:24:00
user_9075,Frustrating experience overall.,2025-12-16 21:44:00
user_6811,Haven't decided yet.,2025-12-15 19:20:00
user_2813,Maintenance update noted.,2025-12-19 03:33:00
user_1286,Standard functionality.,2025-12-15 21:10:00
user_5073,Too many bugs in the latest version.,2025-12-16 13:09:00
user_4160,Annoying popups everywhere.,2025-12-17 19:12:00
user_6288,Seems functional enough.,2025-12-18 08:14:00
user_1593,Regular usage case.,2025-12-21 22:19:00
user_4611,It keeps crashing all the time.,2025-12-16 15:39:00
user_1610,Worst app in the store.,2025-12-21 02:14:00
user_3365,Kudos to the developers!,2025-12-17 18:54:00
user_5445,Beyond my expectations.,2025-12-17 13:05:00
user_4456,Interested to see what's next.,2025-12-16 21:49:00
user_4640,Simply brilliant execution.,2025-12-18 21:42:00
user_1520,In the middle for me.,2025-12-21 08:52:00
user_4238,"The app is okay, I guess.",2025-12-20 23:32:00
user_9960,Seems functional enough.,2025-12-18 14:37:00
user_8015,It keeps crashing all the time.,2025-12-18 16:49:00
user_9982,Waste of time and money.,2025-12-18 22:09:00
user_7753,So happy with the results!,2025-12-19 07:41:00
user_3122,Very slow performance on mobile.,2025-12-16 01:48:00
user_3723,It does what it says it should do.,2025-12-17 12:08:00
user_8524,"The app is okay, I guess.",2025-12-21 08:59:00
user_7196,This is absolutely perfect.,2025-12-22 08:15:00
user_3704,Broken features after update.,2025-12-17 05:23:00
user_0380,I love this product!,2025-12-18 09:03:00
user_2841,"Average performance, nothing special.",2025-12-21 14:00:00
user_9064,Too many bugs in the latest version.,2025-12-16 20:09:00
user_7872,Just another social media post.,2025-12-21 11:39:00
user_9551,So happy with the results!,2025-12-21 11:20:00
user_2004,Amazing experience today.,2025-12-18 09:46:00
user_9610,Too many bugs in the latest version.,2025-12-15 19:50:00
user_8588,Worst app in the store.,2025-12-19 12:14:00
user_3303,I hate the new layout.,2025-12-15 15:06:00
user_2473,Terrible customer support.,2025-12-16 15:47:00
user_8277,I want a refund immediately.,2025-12-15 23:26:00
user_9568,So confusing and hard to use.,2025-12-17 07:16:00
user_1840,Incredible performance improvement.,2025-12-17 22:23:00
user_9657,Excellent quality and design.,2025-12-20 16:57:00
user_4210,Interested to see what's next.,2025-12-16 10:26:00
user_5428,It's a balanced update.,2025-12-16 02:27:00
user_7102,Beyond my expectations.,2025-12-21 22:10:00
user_0265,Completely broken and useless.,2025-12-17 18:50:00
user_8921,Frustrating experience overall.,2025-12-19 10:48:00
user_7515,Highly recommend this to everyone.,2025-12-15 15:27:00
user_9462,Extremely disappointed with this.,2025-12-17 08:51:00
user_7168,Amazing experience today.,2025-12-20 00:06:00
user_4840,Maintenance update noted.,2025-12-15 23:34:00
user_5374,Smooth as butter. Love it.,2025-12-16 09:37:00
user_1867,Total fail. Don't download.,2025-12-18 18:57:00
user_0834,This is the worst experience ever.,2025-12-17 06:00:00
user_9528,Waste of time and money.,2025-12-16 05:05:00
user_1360,"Not great, not bad.",2025-12-21 09:57:00
user_8124,Regular usage case.,2025-12-21 15:46:00
user_0810,"Average performance, nothing special.",2025-12-18 13:44:00
user_0257,I love this product!,2025-12-16 02:43:00
user_1318,The best service I've ever had.,2025-12-17 04:59:00
user_1043,In the middle for me.,2025-12-18 17:45:00
user_5102,I love this product!,2025-12-17 00:35:00
user_8492,Frustrating experience overall.,2025-12-16 19:12:00
user_2034,Waste of time and money.,2025-12-21 10:52:00
user_6158,Standard functionality.,2025-12-17 00:17:00
user_5817,Wait and see approach.,2025-12-21 05:37:00
user_2022,Simply brilliant execution.,2025-12-15 20:36:00
user_4483,Beyond my expectations.,2025-12-16 23:46:00
user_8352,Standard functionality.,2025-12-17 10:50:00
user_5703,"The app is okay, I guess.",2025-12-15 22:31:00
user_0265,Beyond my expectations.,2025-12-18 12:46:00
user_4606,Truly life-changing app.,2025-12-16 23:43:00
user_6967,Ugly interface and slow.,2025-12-16 01:41:00
user_3318,Very slow performance on mobile.,2025-12-16 10:31:00
user_1335,Poor design choices here.,2025-12-19 13:16:00
user_5325,Regular usage case.,2025-12-16 00:49:00
user_2529,Completely broken and useless.,2025-12-17 09:42:00
user_5857,Standard functionality.,2025-12-18 09:42:00
user_4389,Frustrating experience overall.,2025-12-18 18:46:00
user_5059,Just another social media post.,2025-12-20 07:26:00
user_6397,It keeps crashing all the time.,2025-12-19 11:14:00
user_0250,Annoying popups everywhere.,2025-12-20 07:20:00
user_1705,Wait and see approach.,2025-12-19 03:13:00
user_9355,"Wow, just wow! Amazing.",2025-12-20 16:25:00
user_5668,Looking forward to more details.,2025-12-20 19:28:00
user_9779,Frustrating experience overall.,2025-12-17 19:31:00
user_1662,Regular usage case.,2025-12-20 18:15:00
user_7520,Standard functionality.,2025-12-16 19:46:00
user_9764,I love this product!,2025-12-19 14:43:00
user_2344,This is the worst experience ever.,2025-12-15 19:28:00
user_8175,Poor design choices here.,2025-12-20 04:40:00
user_5086,Heartwarming to see this.,2025-12-20 13:53:00
user_1042,Simply brilliant execution.,2025-12-16 14:36:00
user_7747,So happy with the results!,2025-12-17 20:16:00
user_1116,Waste of time and money.,2025-12-16 09:12:00
user_2218,Regular usage case.,2025-12-16 16:40:00
user_6309,Super fast and reliable.,2025-12-21 20:29:00
user_7514,Lagging like crazy. Fix it!,2025-12-15 22:33:00
user_6293,Fantastic community and support.,2025-12-18 02:52:00
user_4975,Simply brilliant execution.,2025-12-20 18:46:00
user_6727,Poor design choices here.,2025-12-21 08:48:00
user_7958,In the middle for me.,2025-12-16 13:56:00
user_8922,Worst app in the store.,2025-12-21 18:37:00
user_5429,In the middle for me.,2025-12-19 02:16:00
user_0150,Highly recommend this to everyone.,2025-12-18 00:04:00
user_6605,Haven't decided yet.,2025-12-16 18:45:00
user_3101,So confusing and hard to use.,2025-12-20 09:32:00
user_8181,Very slow performance on mobile.,2025-12-18 15:03:00
user_3770,Super fast and reliable.,2025-12-20 11:58:00
user_9122,I want a refund immediately.,2025-12-20 12:57:00
user_7040,Looking forward to more details.,2025-12-22 04:04:00
user_3722,Excellent quality and design.,2025-12-17 14:04:00
user_4417,I use this every day and love it.,2025-12-17 15:54:00
user_3599,I use this every day and love it.,2025-12-18 05:55:00
user_9865,I love this product!,2025-12-19 03:36:00
user_6919,Seems functional enough.,2025-12-19 14:58:00
user_6152,I love this product!,2025-12-15 22:28:00
user_2720,It does what it says it should do.,2025-12-19 04:29:00
user_5755,So confusing and hard to use.,2025-12-17 00:12:00
user_6609,I use this every day and love it.,2025-12-16 17:01:00
user_6717,Worst app in the store.,2025-12-16 17:53:00
user_8330,Truly life-changing app.,2025-12-21 13:02:00
user_7072,It does what it says it should do.,2025-12-20 01:15:00
user_2536,Total fail. Don't download.,2025-12-21 04:14:00
user_8766,Missing essential features.,2025-12-21 10:06:00
user_7071,The best service I've ever had.,2025-12-16 20:57:00
user_9506,No strong feelings either way.,2025-12-19 16:45:00
user_8584,Observation: it works.,2025-12-21 14:03:00
user_6655,Missing essential features.,2025-12-16 17:24:00
user_2681,Standard functionality.,2025-12-21 13:08:00
user_2734,Regular usage case.,2025-12-17 03:54:00
user_7701,Smooth as butter. Love it.,2025-12-21 09:45:00
user_1258,Fantastic community and support.,2025-12-21 00:05:00
user_7930,Waste of time and money.,2025-12-17 16:08:00
user_3807,Incredible performance improvement.,2025-12-20 01:43:00
user_8171,This is absolutely perfect.,2025-12-16 22:41:00
user_8428,Kudos to the developers!,2025-12-17 08:39:00
user_0420,Terrible customer support.,2025-12-19 01:11:00
user_5853,Very slow performance on mobile.,2025-12-22 08:58:00
user_4015,Amazing experience today.,2025-12-17 22:18:00
user_8495,I want a refund immediately.,2025-12-17 05:21:00
user_3624,Wait and see approach.,2025-12-17 12:06:00
user_9742,Total fail. Don't download.,2025-12-19 20:11:00
user_9788,Seems functional enough.,2025-12-20 08:04:00
user_4981,Frustrating experience overall.,2025-12-21 16:47:00
user_2566,"The app is okay, I guess.",2025-12-18 09:58:00
user_4183,Standard functionality.,2025-12-19 08:55:00
user_0438,Total fail. Don't download.,2025-12-22 10:33:00
user_9866,Worst app in the store.,2025-12-22 02:40:00
user_7375,Interested to see what's next.,2025-12-20 22:27:00
user_5807,So confusing and hard to use.,2025-12-17 06:27:00
user_3730,"Not great, not bad.",2025-12-17 14:07:00
user_9078,Checking in for the day.,2025-12-20 04:31:00
user_6768,"Average performance, nothing special.",2025-12-20 21:38:00
user_9885,Ugly interface and slow.,2025-12-18 09:09:00
user_2334,Checking in for the day.,2025-12-19 17:30:00
user_5339,Maintenance update noted.,2025-12-16 02:38:00
user_1168,Total fail. Don't download.,2025-12-19 02:54:00
user_6826,"Average performance, nothing special.",2025-12-22 01:23:00
user_0442,Maintenance update noted.,2025-12-22 07:00:00
user_3687,So happy with the results!,2025-12-19 05:34:00
user_8658,Great job on the new update.,2025-12-21 18:44:00
user_4604,I want a refund immediately.,2025-12-17 21:48:00
user_2514,Total fail. Don't download.,2025-12-18 17:14:00
user_6638,"Average performance, nothing special.",2025-12-20 20:35:00
user_6951,No strong feelings either way.,2025-12-20 07:21:00
user_2480,Heartwarming to see this.,2025-12-21 19:56:00
user_7029,I hate the new layout.,2025-12-21 12:53:00
user_3438,Lagging like crazy. Fix it!,2025-12-18 22:39:00
user_6768,I hate the new layout.,2025-12-18 18:35:00
user_0221,Interested to see what's next.,2025-12-18 14:43:00
user_0940,In the middle for me.,2025-12-16 22:30:00
user_0231,In the middle for me.,2025-12-18 05:25:00
user_3422,It does what it says it should do.,2025-12-22 04:27:00
user_7341,"Could be better, could be worse.",2025-12-19 01:06:00
user_2810,Regular usage case.,2025-12-18 20:33:00
user_0479,Interested to see what's next.,2025-12-18 11:51:00
user_9250,Great job on the new update.,2025-12-20 19:41:00
user_1354,Amazing experience today.,2025-12-18 15:26:00
user_1019,Looking forward to more details.,2025-12-20 01:36:00
user_5095,Excellent quality and design.,2025-12-19 05:11:00
user_9558,Beyond my expectations.,2025-12-20 00:28:00
user_5460,Maintenance update noted.,2025-12-20 03:46:00
user_4652,Frustrating experience overall.,2025-12-16 14:56:00
user_5519,So happy with the results!,2025-12-19 07:48:00
user_6514,Beyond my expectations.,2025-12-16 00:28:00
user_3302,"Not great, not bad.",2025-12-22 00:29:00
user_9247,Frustrating experience overall.,2025-12-18 22:33:00
user_8393,Maintenance update noted.,2025-12-22 08:34:00
user_9084,It keeps crashing all the time.,2025-12-21 22:06:00
user_8594,It does what it says it should do.,2025-12-20 02:49:00
user_0377,Completely broken and useless.,2025-12-22 01:55:00
user_1846,Looking forward to more details.,2025-12-16 01:18:00
user_0937,In the middle for me.,2025-12-18 16:01:00
user_0654,This is the worst experience ever.,2025-12-20 19:50:00
user_9041,Haven't decided yet.,2025-12-17 18:18:00
user_4219,Just another social media post.,2025-12-18 11:26:00
user_9364,I use this every day and love it.,2025-12-15 12:40:00
user_6892,Highly recommend this to everyone.,2025-12-18 18:33:00
user_5004,This is absolutely perfect.,2025-12-16 02:12:00
user_7624,Completely broken and useless.,2025-12-20 21:20:00
user_1903,I love this product!,2025-12-18 16:17:00
user_3497,So happy with the results!,2025-12-16 08:33:00
user_5822,"Not great, not bad.",2025-12-16 08:16:00
user_1535,Amazing experience today.,2025-12-22 10:26:00
user_1987,So confusing and hard to use.,2025-12-15 13:06:00
user_8851,Very slow performance on mobile.,2025-12-16 11:43:00
user_8725,Observation: it works.,2025-12-15 12:09:00
user_4176,So happy with the results!,2025-12-21 09:10:00
user_6000,Just another social media post.,2025-12-21 00:42:00
user_9846,Excellent quality and design.,2025-12-21 22:40:00
user_4480,Broken features after update.,2025-12-18 23:30:00
user_2700,"Wow, just wow! Amazing.",2025-12-21 15:24:00
user_5198,Beyond my expectations.,2025-12-18 14:34:00
user_3102,Neutral opinion on the new feature.,2025-12-21 18:49:00
user_2278,Great job on the new update.,2025-12-18 00:40:00
user_8024,Fantastic community and support.,2025-12-18 13:10:00
user_8506,Observation: it works.,2025-12-19 17:15:00
user_8331,Regular usage case.,2025-12-17 23:26:00
user_6097,Too many bugs in the latest version.,2025-12-20 16:09:00
user_5691,This is the worst experience ever.,2025-12-18 17:04:00
user_1755,Waste of time and money.,2025-12-21 18:23:00
user_9695,"Wow, just wow! Amazing.",2025-12-19 15:39:00
user_9807,Smooth as butter. Love it.,2025-12-19 12:44:00
user_8724,Annoying popups everywhere.,2025-12-16 10:45:00
user_5963,Maintenance update noted.,2025-12-18 03:57:00
user_5763,Seems functional enough.,2025-12-19 09:08:00
user_1280,Too many bugs in the latest version.,2025-12-16 01:16:00
user_5299,Looking forward to more details.,2025-12-18 19:26:00
user_6811,Maintenance update noted.,2025-12-20 14:19:00
user_0233,Excellent quality and design.,2025-12-18 22:45:00
user_4683,"Could be better, could be worse.",2025-12-17 06:19:00
user_3159,Ugly interface and slow.,2025-12-19 00:25:00
user_6544,It does what it says it should do.,2025-12-15 15:19:00
user_3482,No strong feelings either way.,2025-12-19 21:02:00
user_7568,"The app is okay, I guess.",2025-12-20 13:38:00
user_5386,Simply brilliant execution.,2025-12-16 04:47:00
user_4845,Too many bugs in the latest version.,2025-12-21 13:03:00
user_0668,Great job on the new update.,2025-12-20 08:20:00
user_2974,Standard functionality.,2025-12-19 02:09:00
user_4792,Haven't decided yet.,2025-12-18 00:21:00
user_5759,Total fail. Don't download.,2025-12-18 06:38:00
user_9407,Ugly interface and slow.,2025-12-22 10:13:00
user_6579,Wait and see approach.,2025-12-17 19:43:00
user_4309,It's a balanced update.,2025-12-21 01:39:00
user_2550,Maintenance update noted.,2025-12-21 18:08:00
user_5208,"Not great, not bad.",2025-12-19 08:31:00
user_3376,Simply brilliant execution.,2025-12-21 21:45:00
user_3959,It's a balanced update.,2025-12-17 19:05:00
user_2404,It does what it says it should do.,2025-12-20 08:09:00
user_5289,Looking forward to more details.,2025-12-22 07:27:00
user_9178,Amazing experience today.,2025-12-20 10:03:00
user_5538,Super fast and reliable.,2025-12-20 22:53:00
user_3705,Incredible performance improvement.,2025-12-21 19:08:00
user_2260,Amazing experience today.,2025-12-20 23:03:00
user_9124,Fantastic community and support.,2025-12-16 15:14:00
user_7831,Poor design choices here.,2025-12-18 06:01:00
user_4889,Broken features after update.,2025-12-20 07:40:00
user_5380,So happy with the results!,2025-12-20 21:45:00
user_2380,Regular usage case.,2025-12-19 05:47:00
user_6672,Wait and see approach.,2025-12-19 12:15:00
user_0826,Heartwarming to see this.,2025-12-18 05:52:00
user_9724,Amazing experience today.,2025-12-17 22:34:00
user_5881,Wait and see approach.,2025-12-19 02:21:00
user_5357,Heartwarming to see this.,2025-12-18 04:07:00
user_0958,Total fail. Don't download.,2025-12-17 22:56:00
user_5476,So confusing and hard to use.,2025-12-16 00:24:00
user_5787,"The app is okay, I guess.",2025-12-17 00:59:00
user_1990,Ugly interface and slow.,2025-12-19 11:28:00
user_1515,I want a refund immediately.,2025-12-17 14:51:00
user_9637,Simply brilliant execution.,2025-12-20 17:19:00
user_8808,I love this product!,2025-12-15 18:32:00
user_4068,Maintenance update noted.,2025-12-16 23:21:00
user_2298,Haven't decided yet.,2025-12-18 11:46:00
user_6584,Beyond my expectations.,2025-12-20 08:02:00
user_7962,Just another social media post.,2025-12-19 14:51:00
user_6078,The UI is so clean and beautiful.,2025-12-17 04:49:00
user_4886,Standard functionality.,2025-12-19 13:40:00
user_7380,Very slow performance on mobile.,2025-12-20 13:09:00
user_3648,Incredible performance improvement.,2025-12-19 03:26:00
user_9351,Waste of time and money.,2025-12-17 00:55:00
user_0817,Heartwarming to see this.,2025-12-17 07:51:00
user_2548,Missing essential features.,2025-12-21 22:15:00
user_8186,It does what it says it should do.,2025-12-15 15:39:00
user_1491,Maintenance update noted.,2025-12-17 08:07:00
user_4677,Excellent quality and design.,2025-12-16 14:15:00
user_2945,It's a balanced update.,2025-12-16 13:43:00
user_4074,Highly recommend this to everyone.,2025-12-20 18:18:00
user_7003,Incredible performance improvement.,2025-12-19 20:49:00
user_3722,Neutral opinion on the new feature.,2025-12-21 11:58:00
user_8221,Great job on the new update.,2025-12-22 00:10:00
user_4784,"Could be better, could be worse.",2025-12-19 21:40:00
user_0625,Checking in for the day.,2025-12-19 21:51:00
user_1558,Broken features after update.,2025-12-17 02:02:00
user_8533,I use this every day and love it.,2025-12-22 06:04:00
user_8056,This is absolutely perfect.,2025-12-21 07:14:00
user_1446,Poor design choices here.,2025-12-15 21:59:00
user_0168,Very slow performance on mobile.,2025-12-19 01:45:00
user_6114,Checking in for the day.,2025-12-21 17:15:00
user_5939,Truly life-changing app.,2025-12-19 14:03:00
user_3673,Kudos to the developers!,2025-12-18 19:57:00
user_6387,Lagging like crazy. Fix it!,2025-12-15 12:25:00
user_8161,Annoying popups everywhere.,2025-12-15 15:13:00
user_9820,Amazing experience today.,2025-12-18 06:50:00
user_6934,Terrible customer support.,2025-12-18 03:28:00
user_4579,Frustrating experience overall.,2025-12-19 03:07:00
user_7897,Neutral opinion on the new feature.,2025-12-20 08:18:00
user_5216,Looking forward to more details.,2025-12-21 11:32:00
user_0183,Smooth as butter. Love it.,2025-12-17 13:48:00
user_4487,I use this every day and love it.,2025-12-17 04:48:00
user_3877,Observation: it works.,2025-12-15 16:48:00
user_9487,Just another social media post.,2025-12-17 04:08:00
user_6189,Seems functional enough.,2025-12-18 12:00:00
user_5146,The best service I've ever had.,2025-12-19 01:18:00
user_9355,No strong feelings either way.,2025-12-17 21:14:00
user_3736,This is the worst experience ever.,2025-12-21 22:41:00
user_8445,So confusing and hard to use.,2025-12-15 20:41:00
user_1577,I use this every day and love it.,2025-12-20 08:32:00
user_8692,It does what it says it should do.,2025-12-21 23:20:00
user_5077,Maintenance update noted.,2025-12-21 02:33:00
user_4024,Haven't decided yet.,2025-12-21 19:37:00
user_4384,This is absolutely perfect.,2025-12-15 22:41:00
user_0230,I want a refund immediately.,2025-12-15 19:25:00
user_6950,In the middle for me.,2025-12-20 20:04:00
user_3146,Incredible performance improvement.,2025-12-21 00:58:00
user_6490,Incredible performance improvement.,2025-12-21 09:24:00
user_9212,The UI is so clean and beautiful.,2025-12-17 14:45:00
user_0761,Waste of time and money.,2025-12-20 12:56:00
user_5500,Terrible customer support.,2025-12-20 14:20:00
user_2504,I hate the new layout.,2025-12-19 16:58:00
user_7264,This is the worst experience ever.,2025-12-16 07:37:00
user_3662,Extremely disappointed with this.,2025-12-15 21:53:00
user_6014,Observation: it works.,2025-12-18 21:07:00
user_0650,Highly recommend this to everyone.,2025-12-21 00:41:00
user_1951,So happy with the results!,2025-12-21 11:08:00
user_4276,Super fast and reliable.,2025-12-18 15:06:00
user_0899,The best service I've ever had.,2025-12-21 21:52:00
user_8800,Frustrating experience overall.,2025-12-19 21:38:00
user_8705,Looking forward to more details.,2025-12-19 02:22:00
user_3210,Worst app in the store.,2025-12-18 23:59:00
user_8289,Amazing experience today.,2025-12-17 12:53:00
user_0595,Standard functionality.,2025-12-17 13:39:00
user_2232,Worst app in the store.,2025-12-17 10:39:00
user_6531,"Average performance, nothing special.",2025-12-21 20:11:00
user_4413,Annoying popups everywhere.,2025-12-20 12:02:00
user_1547,Observation: it works.,2025-12-18 14:14:00
user_7114,I hate the new layout.,2025-12-18 23:50:00
user_0986,Amazing experience today.,2025-12-19 01:16:00
user_9038,Total fail. Don't download.,2025-12-19 18:49:00
user_6294,This is the worst experience ever.,2025-12-15 16:13:00
user_4806,This is the worst experience ever.,2025-12-15 21:50:00
user_7853,"Average performance, nothing special.",2025-12-19 00:59:00
user_9989,Great job on the new update.,2025-12-19 07:53:00
user_6614,Highly recommend this to everyone.,2025-12-22 10:00:00
user_2899,Terrible customer support.,2025-12-21 21:22:00
user_3558,Amazing experience today.,2025-12-15 19:48:00
user_5221,This is absolutely perfect.,2025-12-20 02:45:00
user_5224,Ugly interface and slow.,2025-12-18 23:43:00
user_7600,Neutral opinion on the new feature.,2025-12-22 00:54:00
user_1186,Very slow performance on mobile.,2025-12-18 13:30:00
user_2107,So happy with the results!,2025-12-15 23:24:00
user_7705,Truly life-changing app.,2025-12-21 16:00:00
user_1441,It keeps crashing all the time.,2025-12-20 06:13:00
user_7492,The UI is so clean and beautiful.,2025-12-19 12:25:00
user_7924,This is the worst experience ever.,2025-12-15 15:13:00
user_1054,Completely broken and useless.,2025-12-17 17:27:00
user_0353,Simply brilliant execution.,2025-12-21 05:50:00
user_4468,In the middle for me.,2025-12-18 12:14:00
user_6905,Lagging like crazy. Fix it!,2025-12-17 02:54:00
user_1354,"The app is okay, I guess.",2025-12-20 07:41:00
user_1695,In the middle for me.,2025-12-20 02:22:00
user_3364,The best service I've ever had.,2025-12-18 00:26:00
user_8657,Regular usage case.,2025-12-21 06:41:00
user_9916,This is the worst experience ever.,2025-12-20 09:35:00
user_3538,Maintenance update noted.,2025-12-17 17:00:00
user_0536,Ugly interface and slow.,2025-12-18 07:46:00
user_4057,Total fail. Don't download.,2025-12-20 04:57:00
user_1992,I hate the new layout.,2025-12-21 16:36:00
user_6791,The best service I've ever had.,2025-12-20 14:27:00
user_0212,Kudos to the developers!,2025-12-16 23:06:00
user_1247,Poor design choices here.,2025-12-17 09:21:00
user_3188,Too many bugs in the latest version.,2025-12-19 00:20:00
user_6548,Haven't decided yet.,2025-12-21 13:01:00
user_8259,Heartwarming to see this.,2025-12-18 18:03:00
user_6780,So confusing and hard to use.,2025-12-16 03:21:00
user_8490,Super fast and reliable.,2025-12-21 00:50:00
user_8173,Neutral opinion on the new feature.,2025-12-19 08:52:00
user_6411,Looking forward to more details.,2025-12-20 21:44:00
user_2179,Broken features after update.,2025-12-18 20:10:00
user_0844,Annoying popups everywhere.,2025-12-22 03:51:00
user_2043,In the middle for me.,2025-12-18 21:43:00
user_6412,Standard functionality.,2025-12-17 12:55:00
user_9194,Frustrating experience overall.,2025-12-15 23:49:00
user_1607,Standard functionality.,2025-12-22 02:13:00
user_0602,Observation: it works.,2025-12-17 16:02:00
user_2754,Maintenance update noted.,2025-12-18 21:21:00
user_0660,Completely broken and useless.,2025-12-19 11:11:00
user_0843,Incredible performance improvement.,2025-12-16 10:46:00
user_3212,Missing essential features.,2025-12-22 08:48:00
user_9199,Poor design choices here.,2025-12-20 22:25:00
user_1222,Extremely disappointed with this.,2025-12-22 04:35:00
user_8194,I love this product!,2025-12-20 02:43:00
user_0783,Simply brilliant execution.,2025-12-17 01:41:00
user_4598,So happy with the results!,2025-12-16 23:37:00
user_1228,Annoying popups everywhere.,2025-12-15 13:33:00
user_5676,Worst app in the store.,2025-12-17 16:21:00
user_3002,Maintenance update noted.,2025-12-18 22:10:00
user_5530,Wait and see approach.,2025-12-21 05:27:00
user_2925,Worst app in the store.,2025-12-21 03:06:00
user_4960,Great job on the new update.,2025-12-17 20:48:00
user_4310,Waste of time and money.,2025-12-21 15:57:00
user_4612,Seems functional enough.,2025-12-20 19:10:00
user_9220,"Average performance, nothing special.",2025-12-21 00:56:00
user_4811,Truly life-changing app.,2025-12-18 14:52:00
user_1901,Incredible performance improvement.,2025-12-22 00:12:00
user_1246,Excellent quality and design.,2025-12-20 01:58:00
user_9419,Truly life-changing app.,2025-12-15 13:07:00
user_9649,I love this product!,2025-12-22 08:13:00
user_5564,No strong feelings either way.,2025-12-20 13:15:00
user_4006,Waste of time and money.,2025-12-21 21:43:00
user_9402,"Average performance, nothing special.",2025-12-18 16:04:00
user_9535,Heartwarming to see this.,2025-12-16 12:55:00
user_6543,Seems functional enough.,2025-12-22 06:13:00
user_8681,Observation: it works.,2025-12-16 10:24:00
user_0249,Smooth as butter. Love it.,2025-12-20 07:28:00
user_0795,Too many bugs in the latest version.,2025-12-21 23:12:00
user_5556,Regular usage case.,2025-12-18 13:40:00
user_1781,"Not great, not bad.",2025-12-16 02:01:00
user_0305,Beyond my expectations.,2025-12-22 06:21:00
user_7940,Smooth as butter. Love it.,2025-12-15 23:26:00
user_6880,Amazing experience today.,2025-12-20 06:48:00
user_3390,In the middle for me.,2025-12-17 02:19:00
user_5919,Heartwarming to see this.,2025-12-18 18:56:00
user_2816,Worst app in the store.,2025-12-18 23:42:00
user_3064,It's a balanced update.,2025-12-17 22:15:00
user_8815,Truly life-changing app.,2025-12-18 21:10:00
user_1740,Beyond my expectations.,2025-12-19 10:08:00
user_8410,Wait and see approach.,2025-12-17 03:13:00
user_6917,Kudos to the developers!,2025-12-19 04:47:00
user_1547,Haven't decided yet.,2025-12-15 20:20:00
user_4405,Fantastic community and support.,2025-12-22 09:58:00
user_5265,Extremely disappointed with this.,2025-12-21 18:53:00
user_0456,Great job on the new update.,2025-12-20 21:16:00
user_1143,The UI is so clean and beautiful.,2025-12-17 10:34:00
user_6089,Great job on the new update.,2025-12-16 01:44:00
user_0823,Incredible performance improvement.,2025-12-17 19:34:00
user_2237,Very slow performance on mobile.,2025-12-20 05:29:00
user_3536,Regular usage case.,2025-12-17 17:52:00
user_9584,Missing essential features.,2025-12-15 15:11:00
user_5502,Excellent quality and design.,2025-12-15 14:36:00
user_3273,It keeps crashing all the time.,2025-12-22 09:29:00
user_0197,Incredible performance improvement.,2025-12-21 18:16:00
user_4060,Completely broken and useless.,2025-12-19 23:57:00
user_9893,Excellent quality and design.,2025-12-17 21:39:00
user_0349,Heartwarming to see this.,2025-12-17 22:26:00
user_6155,So happy with the results!,2025-12-18 03:38:00
user_1649,It's a balanced update.,2025-12-22 00:34:00
user_4077,Excellent quality and design.,2025-12-17 05:11:00
user_2619,Completely broken and useless.,2025-12-19 16:46:00
user_9820,Terrible customer support.,2025-12-17 06:20:00
user_5053,This is the worst experience ever.,2025-12-18 19:25:00
user_5021,Beyond my expectations.,2025-12-17 19:34:00
user_0810,"Wow, just wow! Amazing.",2025-12-18 15:02:00
user_9759,I love this product!,2025-12-20 05:43:00
user_2454,Great job on the new update.,2025-12-20 15:04:00
user_7610,I hate the new layout.,2025-12-20 06:37:00
user_5637,Annoying popups everywhere.,2025-12-17 11:54:00
user_1166,Terrible customer support.,2025-12-20 04:48:00
user_0577,Excellent quality and design.,2025-12-18 05:44:00
user_5006,This is the worst experience ever.,2025-12-18 03:18:00
user_5753,"Could be better, could be worse.",2025-12-22 10:34:00
user_5054,Observation: it works.,2025-12-17 16:08:00
user_0719,Worst app in the store.,2025-12-16 04:45:00
user_8993,Incredible performance improvement.,2025-12-17 05:05:00
user_0997,Truly life-changing app.,2025-12-22 08:02:00
user_8804,Regular usage case.,2025-12-18 12:57:00
user_9284,Just another social media post.,2025-12-18 17:50:00
user_9029,Heartwarming to see this.,2025-12-16 08:05:00
user_5709,Very slow performance on mobile.,2025-12-18 23:27:00
user_5042,Very slow performance on mobile.,2025-12-17 21:17:00
user_4630,This is absolutely perfect.,2025-12-15 22:20:00
user_2121,The UI is so clean and beautiful.,2025-12-21 18:21:00
user_4451,Incredible performance improvement.,2025-12-21 05:25:00
user_1991,Maintenance update noted.,2025-12-16 17:01:00
user_9732,The best service I've ever had.,2025-12-19 03:40:00
user_2829,"Could be better, could be worse.",2025-12-15 22:09:00
user_4527,Missing essential features.,2025-12-16 17:31:00
user_7664,Very slow performance on mobile.,2025-12-16 01:49:00
user_0718,Simply brilliant execution.,2025-12-17 13:42:00
user_7514,Truly life-changing app.,2025-12-17 13:53:00
user_0931,Smooth as butter. Love it.,2025-12-21 05:43:00
user_8256,Haven't decided yet.,2025-12-21 21:00:00
user_5801,Wait and see approach.,2025-12-19 09:08:00
user_5623,In the middle for me.,2025-12-18 02:15:00
user_6088,Total fail. Don't download.,2025-12-19 06:29:00
user_3688,In the middle for me.,2025-12-18 19:03:00
user_2506,Extremely disappointed with this.,2025-12-16 06:18:00
user_1825,So happy with the results!,2025-12-18 10:49:00
user_5060,Amazing experience today.,2025-12-19 09:50:00
user_8058,Haven't decided yet.,2025-12-15 17:48:00
user_5653,Standard functionality.,2025-12-22 02:24:00
user_0312,Annoying popups everywhere.,2025-12-18 14:35:00
user_5694,I love this product!,2025-12-18 04:31:00
user_3989,Maintenance update noted.,2025-12-19 14:16:00
user_3256,Observation: it works.,2025-12-17 23:51:00
user_6323,Checking in for the day.,2025-12-21 11:55:00
user_7928,This is absolutely perfect.,2025-12-18 04:27:00
user_8567,I love this product!,2025-12-21 20:54:00
user_8872,I want a refund immediately.,2025-12-20 13:26:00
user_4974,Simply brilliant execution.,2025-12-21 15:32:00
user_2066,Truly life-changing app.,2025-12-17 02:01:00
user_7499,Poor design choices here.,2025-12-17 21:09:00
user_7158,Total fail. Don't download.,2025-12-19 05:13:00
user_7124,Poor design choices here.,2025-12-22 00:50:00
user_6287,I love this product!,2025-12-16 19:31:00
user_7199,Observation: it works.,2025-12-20 20:24:00
user_2913,"Could be better, could be worse.",2025-12-18 10:23:00
user_0281,The best service I've ever had.,2025-12-18 21:26:00
user_1615,Regular usage case.,2025-12-17 00:38:00
user_4064,Frustrating experience overall.,2025-12-21 17:31:00
user_4831,"Could be better, could be worse.",2025-12-17 00:21:00
user_1119,Just another social media post.,2025-12-19 16:40:00
user_7568,Checking in for the day.,2025-12-15 16:10:00
user_8527,In the middle for me.,2025-12-20 17:55:00
user_0175,It's a balanced update.,2025-12-19 19:07:00
user_7152,Looking forward to more details.,2025-12-21 07:14:00
user_0418,Ugly interface and slow.,2025-12-19 02:06:00
user_5559,Lagging like crazy. Fix it!,2025-12-22 03:36:00
user_8533,"Not great, not bad.",2025-12-20 00:21:00
user_0624,It's a balanced update.,2025-12-15 14:45:00
user_2574,I love this product!,2025-12-18 04:20:00
user_1258,Haven't decided yet.,2025-12-18 01:25:00
user_3604,Poor design choices here.,2025-12-21 06:34:00
user_8924,No strong feelings either way.,2025-12-15 22:41:00
user_6871,Lagging like crazy. Fix it!,2025-12-15 20:05:00
user_4163,Missing essential features.,2025-12-15 19:03:00
user_4413,Ugly interface and slow.,2025-12-18 21:37:00
user_2358,Just another social media post.,2025-12-18 01:11:00
user_2396,I hate the new layout.,2025-12-17 22:14:00
user_0662,"Not great, not bad.",2025-12-16 15:36:00
user_9296,Heartwarming to see this.,2025-12-21 01:17:00
user_8430,I love this product!,2025-12-16 00:51:00
user_4702,Regular usage case.,2025-12-20 00:55:00
user_5470,Standard functionality.,2025-12-16 12:36:00
user_3911,I use this every day and love it.,2025-12-21 02:48:00
user_3273,Lagging like crazy. Fix it!,2025-12-17 03:01:00
user_8442,Beyond my expectations.,2025-12-21 05:25:00
user_8361,Simply brilliant execution.,2025-12-20 14:44:00
user_3765,Neutral opinion on the new feature.,2025-12-19 01:09:00
user_3962,Too many bugs in the latest version.,2025-12-22 07:53:00
user_1157,It does what it says it should do.,2025-12-17 13:02:00
user_8019,Interested to see what's next.,2025-12-16 08:48:00
user_8090,I use this every day and love it.,2025-12-22 09:32:00
user_8505,Missing essential features.,2025-12-22 02:50:00
user_0647,Heartwarming to see this.,2025-12-20 21:52:00
user_5085,Poor design choices here.,2025-12-20 07:09:00
user_9798,Maintenance update noted.,2025-12-15 22:18:00
user_1324,Maintenance update noted.,2025-12-19 14:17:00
user_9061,Super fast and reliable.,2025-12-16 04:33:00
user_7576,Simply brilliant execution.,2025-12-21 09:49:00
user_5684,Beyond my expectations.,2025-12-19 15:47:00
user_0829,It keeps crashing all the time.,2025-12-21 14:28:00
user_3709,It's a balanced update.,2025-12-21 15:02:00
user_7664,Missing essential features.,2025-12-21 02:44:00
user_5643,Terrible customer support.,2025-12-22 06:30:00
user_5243,Neutral opinion on the new feature.,2025-12-18 07:23:00
user_1486,Amazing experience today.,2025-12-21 05:29:00
user_7236,Worst app in the store.,2025-12-17 08:29:00
user_6304,Frustrating experience overall.,2025-12-21 05:25:00
user_6784,Completely broken and useless.,2025-12-19 04:40:00
user_5655,No strong feelings either way.,2025-12-18 10:40:00
user_7713,Excellent quality and design.,2025-12-17 23:24:00
user_6202,Worst app in the store.,2025-12-17 21:40:00
user_0548,Beyond my expectations.,2025-12-20 09:50:00
user_4467,Standard functionality.,2025-12-20 09:31:00
user_5976,Neutral opinion on the new feature.,2025-12-17 05:43:00
user_2509,Haven't decided yet.,2025-12-18 18:26:00
user_5942,Standard functionality.,2025-12-16 21:13:00
user_8025,Amazing experience today.,2025-12-17 14:32:00
user_0758,Extremely disappointed with this.,2025-12-21 04:32:00
adm_001,Invalid prefix.,2025-12-16 10:00:00
user_xyz,No digits.,2025-12-16 10:01:00
user_123456,Valid but long.,2025-12-16 10:02:00
